text,true_emotion,predicted_emotion
"You're so thirsty for the chance to disagree w/ the left, that you don't even realize when something is an affront to your bigoted platform.",anger,anger
@RealJamesWoods @KennyCoble saddest part of this whole mess is that all of this #anger is #misdirected they should march 2 the #WhiteHouse,anger,anger
"@marcavis @AntisocialJW2 I've always been fiery, but never radical.",anger,anger
Sting is just too damn earnest for early morning listening. #sting,anger,anger
I think @Sam_Canaday &amp; @KYLEJDOWSON must actually have to be working like me &amp; @dowson_brady because I havent got any snap chat videos today,anger,sadness
For the first time in my madden career I just set up a farm account. Should make MOTM much easier,anger,joy
@pbhushan1 @IndianExpress so in your opinion is this the worst delhi govt? #acrid  #hypocrisy,anger,anger
"Note to self ~ Stop laughing at things that offend you, it's ok to get mad at people \n#NoteToSelf #offended #mad #upset",anger,anger
Having a baby born too soon is #lifechanging 6 years on and it feels like only yesterday #sad #happy #angry #emotionalrollercoaster,anger,sadness
"Is it me, or is Ding wearing the look of a man who's just found his arch enemy in bed with his missus? #angryman #scowl",anger,anger
@TrueAggieFan oh so that's where Brian was! Where was my invite? ,anger,anger
@isthataspider @dhodgs i will fight this guy! Don't insult the lions like that! But seriously they kinda are.Wasted some of the best players,anger,anger
@ArcticFantasy I would have almost took offense to this if I actually snapped you,anger,joy
Just seeing Alex revells face gets me angry,anger,anger
"Just watched Django Unchained, Other people may frown, but I titter in delight! 2/5",anger,joy
"@TrevorHMoore @paget_old In Scotland, the right-wingers are the most rabid anti-nationalists. Socialists are mostly in favour.",anger,anger
@__NETFLIXNCHILL I fuck with madden way harder,anger,joy
"Taking umbrage because Jimmy Carr claimed that Bilbo Baggins went to Mordor on 8 out of 10 cats does Countdown. Know your Baggins', mate.",anger,anger
@RevTrevK @Wolfman93011 @Daraidernation @EROCKhd Take 2k out of it the numbers on madden are low and have dropped and people are unhappy,anger,anger
"Why to have vanity sizes?Now sizes S,XS(evenXXS sometimes) are too big, WTF?! Dear corporate jerks, Lithuania didn't need this. #rant ",anger,anger
Rooney shocking attempted cross,fear,anger
Why upping rooms makes a few apprehend leaving out charcoal ownership: UnZU,fear,fear
Trying to book holiday flights on @britishairways website is becoming a ,fear,anger
@All4 is the android app it designed to be buggy and work sporadically on a fire TV box? #shocking,fear,anger
"At school, my classmate is with me at music class and he sang Hallelujah like, god, with my friend we were breathless.",fear,joy
It really is amazing the money they give to some of these QB's #nfl #texans #brock #terrible,fear,anger
I want to be a woman who #overcomes obstacles by tackling them in #faith instead of tiptoeing around them in #fear. Renee Swope,fear,fear
An adviser to the #European #Unionâ€™s top #court said #Hamas and the #Tamil #Tigers should be taken off the EUâ€™s #terror list.#lka,fear,joy
"@chutneysupercat hi lovely brownie, MM is calling me tuppytupperware.. its awful",fear,sadness
"@ccrago It was dreadful, even after he met the Catfish he still thought it was her!",fear,sadness
"@madhav_pastey moral of the story, never check mails in the night. PS. Most notices have nothing much to worry about. @ashwinikn",fear,fear
There goes the butterflies in my stomach. #nervous #anxietyproblems,fear,fear
@CesarSampao @thisisbolton don't get me started on town centre. Used to go every week.... not been for 18 months ,fear,sadness
@1johndes ball watching &amp; Rojo'd header was equally dreadful!!,fear,anger
"Really.....#Jumanji 2....w/ The Rock, Jack Black, and Kevin Hart...are you kidding me! WTF! #ThisIsATerribleIdea ",fear,anger
"@stephenfhayes Mustard gas = hostile work environment, not #terrorism; call #OSHA not #military",fear,anger
I don't want speak front to him   #nopanicattack,fear,fear
#Awareness seek #shelter .#Letgo Old #habit of chasing #desires resultin in #anger #fear #worry .#Choose #Satisfaction within #Peace #Relax,fear,anger
This is #horrible: Lewis Dunk has begun networking #a Neo-Geo with a his holiday home in Mexico.,fear,anger
"He called me fat, so I pushed him into the lockers then he threaten to sue me' ðŸ˜‚",fear,joy
@HunterDean_ [he gives a gleeful squeak and wraps around you] All mine!,joy,joy
@hesham786 that's the spirit ,joy,joy
Somebody who has braved the storm is brewing. ,joy,anger
"it gets better. without explanation; you just wake up one morning and youâ€™re just happy, totally and utterly elated.",joy,joy
"@diehimbeertonis She developed her 'forced smile'. I can force myself to describe it 'a little hearty maybe, sanki biraz':)",joy,joy
@Bridget_Jones was joyous. Worried I would be disappointed. Most definitely was not. #chickflick #giggles #comethefuckonbridget,joy,joy
@kwelbyroberts they will come and you will rejoice at their arrival.,joy,joy
@Communism_Kills i get the subway melt and make sure it's only hearty italian bread... black olives are a must though,joy,joy
I love my family so much #lucky #grateful #smartassfamily #hilarious #love,joy,joy
A #new day to #live and #smile. Hope all the #followers a nice #night or #day. :D,joy,joy
@r0Ils ppl get triggered over u smiling they're irrelevant,joy,joy
@GameGrumps THANK YOU SO MUCH FOR COMING TO DETROIT I'm going to sob joyful rainbows now brb,joy,joy
Google caffeine-an sprightly lengthening into the corridor re seo: WgJ,joy,joy
"Be it a rainy day, be it cheerful sunshine, I am a Prussian, want nothing to be but a Prussian.:|",joy,joy
Chris would take full responsibility and would want us all to rejoice in the memories we all had with him.,joy,joy
@tomlinmayniac starting my new challenge ! A glee poll every day !,joy,joy
"@DocBellsSwan *peers down at you, eyes crinkling with mirth and affection* I do love ye so, my bonnie Belle.",joy,joy
Somebody who has braved the storm is brewing. #cheerful,joy,joy
4-2 Canada final tomorrow #WCH #Predictions #optimism #Canadian ðŸ‡¨ðŸ‡¦,joy,joy
It feels good to get outside for a minute and get some fresh air.  It's hard to stay cooped up inside all day ,joy,joy
SOBRIETYÂ®   trying to make being sober fashionableâ€¦.can it be done ? #zeroalcohol #soberoctober #clubsoda #nomorehangovers #sober,sadness,joy
A .500 season is all I'm looking for at this point. #depressing #royals,sadness,sadness
@kayleighmcenany  @DonaldJTrumpJr Is that really all you can offer for those who sacrifice daily to keep you safe...? @kayleighmcenany ,sadness,anger
My life went from happy to unhappy..,sadness,sadness
Season 3 and Charlie is still a prick! #lost,sadness,anger
"MC: what are you listen to these days?\nBogum: these days I feel gloomy, I listen to ccm (spiritual song) often.\n\nChurch oppa mode. :)",sadness,joy
Don't depress yourself by comparing yourself. No comparisons.,sadness,sadness
@Barcabhoy1 Of course not. Didn't sink his studs into a knee like Forrester,sadness,anger
Wow just watched Me Before You and it was seriously one of the most depressing movies of my life,sadness,sadness
This shit hurting my heart ðŸ˜ª that's how serious it is .,sadness,sadness
@OHSOVICTORIOUS_ @FaZeAdapt We all seen it coming.. it's sad. But her Instagram comments on her pics are funny. Adapts fans blew it up ðŸ˜‚ðŸ˜‚ðŸ˜‚,sadness,joy
aaahhhh! a little @OtisRedding to soothe the soul. #music ,sadness,joy
I feel like an appendix. I don't have a purpose.  #depressed  #alone #lonely #broken  #cry #hurt #crying #life,sadness,sadness
All I want to do is watch some netflix but I am stuck here in class. #depressing,sadness,sadness
yesterday i finished watching penny dreadful and from all the beautiful things i saw one question remains: were the writers HIM's fans?,sadness,joy
"[ @HedgehogDylan ] *she would frown a bit, folding her arms* 'why is it that every time I'm in need of assistance someone expects a lil **",sadness,anger
"Don't be disheartened if you didn't get the cards you wanted, it's not the end of the world......E-Eh...? Y-You want me to cheer you up?",sadness,fear
@trashcami this cured my depression,sadness,joy
If Angelina Jolie can't keep a man no one can. Today we mourn because Love is dead,sadness,sadness
If you #invest in my new #film I will stop asking you to invest in my new film. #concessions #crime #despair #shortsightedness #celebrities,sadness,anger
